model,accuracy,precision,recall,f1,roc_auc
01_RandomForest,0.9839292888710326,0.974937343358396,1.0,0.9873096446700508,0.999522644425892
02_GradientBoosting,0.8597830453997589,0.8482400461627236,0.9447300771208226,0.8938887199756765,0.9280536291422478
03_AdaBoost,0.8320610687022901,0.8175223214285714,0.9415167095115681,0.8751493428912783,0.8993509892901522
