{
  "0": {
    "precision": 0.8095781071835804,
    "recall": 0.6089193825042881,
    "f1-score": 0.6950562897699462,
    "support": 1166.0
  },
  "1": {
    "precision": 0.7959731543624161,
    "recall": 0.9141829393627955,
    "f1-score": 0.8509925855058599,
    "support": 1946.0
  },
  "accuracy": 0.7998071979434447,
  "macro avg": {
    "precision": 0.8027756307729983,
    "recall": 0.7615511609335418,
    "f1-score": 0.773024437637903,
    "support": 3112.0
  },
  "weighted avg": {
    "precision": 0.8010706398988806,
    "recall": 0.7998071979434447,
    "f1-score": 0.7925665826690746,
    "support": 3112.0
  }
}