{
  "0": {
    "precision": 0.7869884575026233,
    "recall": 0.6432246998284734,
    "f1-score": 0.7078810759792354,
    "support": 1166.0
  },
  "1": {
    "precision": 0.8073182028716999,
    "recall": 0.89568345323741,
    "f1-score": 0.8492082825822168,
    "support": 1946.0
  },
  "accuracy": 0.8010925449871465,
  "macro avg": {
    "precision": 0.7971533301871616,
    "recall": 0.7694540765329417,
    "f1-score": 0.7785446792807261,
    "support": 3112.0
  },
  "weighted avg": {
    "precision": 0.7997010810528236,
    "recall": 0.8010925449871465,
    "f1-score": 0.7962559937328992,
    "support": 3112.0
  }
}