{
  "0": {
    "precision": 0.8086486486486486,
    "recall": 0.6415094339622641,
    "f1-score": 0.7154471544715447,
    "support": 1166.0
  },
  "1": {
    "precision": 0.8088705989940558,
    "recall": 0.909044193216855,
    "f1-score": 0.8560367771594484,
    "support": 1946.0
  },
  "accuracy": 0.8088046272493573,
  "macro avg": {
    "precision": 0.8087596238213521,
    "recall": 0.7752768135895596,
    "f1-score": 0.7857419658154965,
    "support": 3112.0
  },
  "weighted avg": {
    "precision": 0.8087874389353331,
    "recall": 0.8088046272493573,
    "f1-score": 0.8033608452654587,
    "support": 3112.0
  }
}