model,test_precision,test_recall,test_f1,test_accuracy,confusion_matrix
RandomForest,0.8224211022138483,0.8972250770811921,0.8581961169820594,0.8145886889460154,"[[789, 377], [200, 1746]]"
ExtraTrees,0.8073182028716999,0.89568345323741,0.8492082825822168,0.8010925449871465,"[[750, 416], [203, 1743]]"
AdaBoost,0.7959731543624161,0.9141829393627955,0.8509925855058599,0.7998071979434447,"[[710, 456], [167, 1779]]"
GradientBoosting,0.8088705989940558,0.909044193216855,0.8560367771594484,0.8088046272493573,"[[748, 418], [177, 1769]]"
