{
  "0": {
    "precision": 0.7977755308392316,
    "recall": 0.676672384219554,
    "f1-score": 0.7322505800464038,
    "support": 1166.0
  },
  "1": {
    "precision": 0.8224211022138483,
    "recall": 0.8972250770811921,
    "f1-score": 0.8581961169820594,
    "support": 1946.0
  },
  "accuracy": 0.8145886889460154,
  "macro avg": {
    "precision": 0.81009831652654,
    "recall": 0.7869487306503731,
    "f1-score": 0.7952233485142316,
    "support": 3112.0
  },
  "weighted avg": {
    "precision": 0.8131869324764438,
    "recall": 0.8145886889460154,
    "f1-score": 0.8110070115620804,
    "support": 3112.0
  }
}